"GEO_ID","id",
"NAME","Geographic Area Name",
"S2301_C01_001E","Total!!Estimate!!Population 16 years and over",
"S2301_C01_001M","Total!!Margin of Error!!Population 16 years and over",
"S2301_C01_002E","Total!!Estimate!!AGE!!16 to 19 years",
"S2301_C01_002M","Total!!Margin of Error!!AGE!!16 to 19 years",
"S2301_C01_003E","Total!!Estimate!!AGE!!20 to 24 years",
"S2301_C01_003M","Total!!Margin of Error!!AGE!!20 to 24 years",
"S2301_C01_004E","Total!!Estimate!!AGE!!25 to 29 years",
"S2301_C01_004M","Total!!Margin of Error!!AGE!!25 to 29 years",
"S2301_C01_005E","Total!!Estimate!!AGE!!30 to 34 years",
"S2301_C01_005M","Total!!Margin of Error!!AGE!!30 to 34 years",
"S2301_C01_006E","Total!!Estimate!!AGE!!35 to 44 years",
"S2301_C01_006M","Total!!Margin of Error!!AGE!!35 to 44 years",
"S2301_C01_007E","Total!!Estimate!!AGE!!45 to 54 years",
"S2301_C01_007M","Total!!Margin of Error!!AGE!!45 to 54 years",
"S2301_C01_008E","Total!!Estimate!!AGE!!55 to 59 years",
"S2301_C01_008M","Total!!Margin of Error!!AGE!!55 to 59 years",
"S2301_C01_009E","Total!!Estimate!!AGE!!60 to 64 years",
"S2301_C01_009M","Total!!Margin of Error!!AGE!!60 to 64 years",
"S2301_C01_010E","Total!!Estimate!!AGE!!65 to 74 years",
"S2301_C01_010M","Total!!Margin of Error!!AGE!!65 to 74 years",
"S2301_C01_011E","Total!!Estimate!!AGE!!75 years and over",
"S2301_C01_011M","Total!!Margin of Error!!AGE!!75 years and over",
"S2301_C01_012E","Total!!Estimate!!RACE AND HISPANIC OR LATINO ORIGIN!!White alone",
"S2301_C01_012M","Total!!Margin of Error!!RACE AND HISPANIC OR LATINO ORIGIN!!White alone",
"S2301_C01_013E","Total!!Estimate!!RACE AND HISPANIC OR LATINO ORIGIN!!Black or African American alone",
"S2301_C01_013M","Total!!Margin of Error!!RACE AND HISPANIC OR LATINO ORIGIN!!Black or African American alone",
"S2301_C01_014E","Total!!Estimate!!RACE AND HISPANIC OR LATINO ORIGIN!!American Indian and Alaska Native alone",
"S2301_C01_014M","Total!!Margin of Error!!RACE AND HISPANIC OR LATINO ORIGIN!!American Indian and Alaska Native alone",
"S2301_C01_015E","Total!!Estimate!!RACE AND HISPANIC OR LATINO ORIGIN!!Asian alone",
"S2301_C01_015M","Total!!Margin of Error!!RACE AND HISPANIC OR LATINO ORIGIN!!Asian alone",
"S2301_C01_016E","Total!!Estimate!!RACE AND HISPANIC OR LATINO ORIGIN!!Native Hawaiian and Other Pacific Islander alone",
"S2301_C01_016M","Total!!Margin of Error!!RACE AND HISPANIC OR LATINO ORIGIN!!Native Hawaiian and Other Pacific Islander alone",
"S2301_C01_017E","Total!!Estimate!!RACE AND HISPANIC OR LATINO ORIGIN!!Some other race alone",
"S2301_C01_017M","Total!!Margin of Error!!RACE AND HISPANIC OR LATINO ORIGIN!!Some other race alone",
"S2301_C01_018E","Total!!Estimate!!RACE AND HISPANIC OR LATINO ORIGIN!!Two or more races",
"S2301_C01_018M","Total!!Margin of Error!!RACE AND HISPANIC OR LATINO ORIGIN!!Two or more races",
"S2301_C01_019E","Total!!Estimate!!Hispanic or Latino origin (of any race)",
"S2301_C01_019M","Total!!Margin of Error!!Hispanic or Latino origin (of any race)",
"S2301_C01_020E","Total!!Estimate!!White alone, not Hispanic or Latino",
"S2301_C01_020M","Total!!Margin of Error!!White alone, not Hispanic or Latino",
"S2301_C01_021E","Total!!Estimate!!Population 20 to 64 years",
"S2301_C01_021M","Total!!Margin of Error!!Population 20 to 64 years",
"S2301_C01_022E","Total!!Estimate!!Population 20 to 64 years!!SEX!!Male",
"S2301_C01_022M","Total!!Margin of Error!!Population 20 to 64 years!!SEX!!Male",
"S2301_C01_023E","Total!!Estimate!!Population 20 to 64 years!!SEX!!Female",
"S2301_C01_023M","Total!!Margin of Error!!Population 20 to 64 years!!SEX!!Female",
"S2301_C01_024E","Total!!Estimate!!Population 20 to 64 years!!SEX!!Female!!With own children under 18 years",
"S2301_C01_024M","Total!!Margin of Error!!Population 20 to 64 years!!SEX!!Female!!With own children under 18 years",
"S2301_C01_025E","Total!!Estimate!!Population 20 to 64 years!!SEX!!Female!!With own children under 18 years!!With own children under 6 years only",
"S2301_C01_025M","Total!!Margin of Error!!Population 20 to 64 years!!SEX!!Female!!With own children under 18 years!!With own children under 6 years only",
"S2301_C01_026E","Total!!Estimate!!Population 20 to 64 years!!SEX!!Female!!With own children under 18 years!!With own children under 6 years and 6 to 17 years",
"S2301_C01_026M","Total!!Margin of Error!!Population 20 to 64 years!!SEX!!Female!!With own children under 18 years!!With own children under 6 years and 6 to 17 years",
"S2301_C01_027E","Total!!Estimate!!Population 20 to 64 years!!SEX!!Female!!With own children under 18 years!!With own children under 6 to 17 years only",
"S2301_C01_027M","Total!!Margin of Error!!Population 20 to 64 years!!SEX!!Female!!With own children under 18 years!!With own children under 6 to 17 years only",
"S2301_C01_028E","Total!!Estimate!!POVERTY STATUS IN THE PAST 12 MONTHS!!Below poverty level",
"S2301_C01_028M","Total!!Margin of Error!!POVERTY STATUS IN THE PAST 12 MONTHS!!Below poverty level",
"S2301_C01_029E","Total!!Estimate!!POVERTY STATUS IN THE PAST 12 MONTHS!!At or above the poverty level",
"S2301_C01_029M","Total!!Margin of Error!!POVERTY STATUS IN THE PAST 12 MONTHS!!At or above the poverty level",
"S2301_C01_030E","Total!!Estimate!!DISABILITY STATUS!!With any disability",
"S2301_C01_030M","Total!!Margin of Error!!DISABILITY STATUS!!With any disability",
"S2301_C01_031E","Total!!Estimate!!EDUCATIONAL ATTAINMENT!!Population 25 to 64 years",
"S2301_C01_031M","Total!!Margin of Error!!EDUCATIONAL ATTAINMENT!!Population 25 to 64 years",
"S2301_C01_032E","Total!!Estimate!!EDUCATIONAL ATTAINMENT!!Population 25 to 64 years!!Less than high school graduate",
"S2301_C01_032M","Total!!Margin of Error!!EDUCATIONAL ATTAINMENT!!Population 25 to 64 years!!Less than high school graduate",
"S2301_C01_033E","Total!!Estimate!!EDUCATIONAL ATTAINMENT!!Population 25 to 64 years!!High school graduate (includes equivalency)",
"S2301_C01_033M","Total!!Margin of Error!!EDUCATIONAL ATTAINMENT!!Population 25 to 64 years!!High school graduate (includes equivalency)",
"S2301_C01_034E","Total!!Estimate!!EDUCATIONAL ATTAINMENT!!Population 25 to 64 years!!Some college or associate's degree",
"S2301_C01_034M","Total!!Margin of Error!!EDUCATIONAL ATTAINMENT!!Population 25 to 64 years!!Some college or associate's degree",
"S2301_C01_035E","Total!!Estimate!!EDUCATIONAL ATTAINMENT!!Population 25 to 64 years!!Bachelor's degree or higher",
"S2301_C01_035M","Total!!Margin of Error!!EDUCATIONAL ATTAINMENT!!Population 25 to 64 years!!Bachelor's degree or higher",
"S2301_C02_001E","Labor Force Participation Rate!!Estimate!!Population 16 years and over",
"S2301_C02_001M","Labor Force Participation Rate!!Margin of Error!!Population 16 years and over",
"S2301_C02_002E","Labor Force Participation Rate!!Estimate!!AGE!!16 to 19 years",
"S2301_C02_002M","Labor Force Participation Rate!!Margin of Error!!AGE!!16 to 19 years",
"S2301_C02_003E","Labor Force Participation Rate!!Estimate!!AGE!!20 to 24 years",
"S2301_C02_003M","Labor Force Participation Rate!!Margin of Error!!AGE!!20 to 24 years",
"S2301_C02_004E","Labor Force Participation Rate!!Estimate!!AGE!!25 to 29 years",
"S2301_C02_004M","Labor Force Participation Rate!!Margin of Error!!AGE!!25 to 29 years",
"S2301_C02_005E","Labor Force Participation Rate!!Estimate!!AGE!!30 to 34 years",
"S2301_C02_005M","Labor Force Participation Rate!!Margin of Error!!AGE!!30 to 34 years",
"S2301_C02_006E","Labor Force Participation Rate!!Estimate!!AGE!!35 to 44 years",
"S2301_C02_006M","Labor Force Participation Rate!!Margin of Error!!AGE!!35 to 44 years",
"S2301_C02_007E","Labor Force Participation Rate!!Estimate!!AGE!!45 to 54 years",
"S2301_C02_007M","Labor Force Participation Rate!!Margin of Error!!AGE!!45 to 54 years",
"S2301_C02_008E","Labor Force Participation Rate!!Estimate!!AGE!!55 to 59 years",
"S2301_C02_008M","Labor Force Participation Rate!!Margin of Error!!AGE!!55 to 59 years",
"S2301_C02_009E","Labor Force Participation Rate!!Estimate!!AGE!!60 to 64 years",
"S2301_C02_009M","Labor Force Participation Rate!!Margin of Error!!AGE!!60 to 64 years",
"S2301_C02_010E","Labor Force Participation Rate!!Estimate!!AGE!!65 to 74 years",
"S2301_C02_010M","Labor Force Participation Rate!!Margin of Error!!AGE!!65 to 74 years",
"S2301_C02_011E","Labor Force Participation Rate!!Estimate!!AGE!!75 years and over",
"S2301_C02_011M","Labor Force Participation Rate!!Margin of Error!!AGE!!75 years and over",
"S2301_C02_012E","Labor Force Participation Rate!!Estimate!!RACE AND HISPANIC OR LATINO ORIGIN!!White alone",
"S2301_C02_012M","Labor Force Participation Rate!!Margin of Error!!RACE AND HISPANIC OR LATINO ORIGIN!!White alone",
"S2301_C02_013E","Labor Force Participation Rate!!Estimate!!RACE AND HISPANIC OR LATINO ORIGIN!!Black or African American alone",
"S2301_C02_013M","Labor Force Participation Rate!!Margin of Error!!RACE AND HISPANIC OR LATINO ORIGIN!!Black or African American alone",
"S2301_C02_014E","Labor Force Participation Rate!!Estimate!!RACE AND HISPANIC OR LATINO ORIGIN!!American Indian and Alaska Native alone",
"S2301_C02_014M","Labor Force Participation Rate!!Margin of Error!!RACE AND HISPANIC OR LATINO ORIGIN!!American Indian and Alaska Native alone",
"S2301_C02_015E","Labor Force Participation Rate!!Estimate!!RACE AND HISPANIC OR LATINO ORIGIN!!Asian alone",
"S2301_C02_015M","Labor Force Participation Rate!!Margin of Error!!RACE AND HISPANIC OR LATINO ORIGIN!!Asian alone",
"S2301_C02_016E","Labor Force Participation Rate!!Estimate!!RACE AND HISPANIC OR LATINO ORIGIN!!Native Hawaiian and Other Pacific Islander alone",
"S2301_C02_016M","Labor Force Participation Rate!!Margin of Error!!RACE AND HISPANIC OR LATINO ORIGIN!!Native Hawaiian and Other Pacific Islander alone",
"S2301_C02_017E","Labor Force Participation Rate!!Estimate!!RACE AND HISPANIC OR LATINO ORIGIN!!Some other race alone",
"S2301_C02_017M","Labor Force Participation Rate!!Margin of Error!!RACE AND HISPANIC OR LATINO ORIGIN!!Some other race alone",
"S2301_C02_018E","Labor Force Participation Rate!!Estimate!!RACE AND HISPANIC OR LATINO ORIGIN!!Two or more races",
"S2301_C02_018M","Labor Force Participation Rate!!Margin of Error!!RACE AND HISPANIC OR LATINO ORIGIN!!Two or more races",
"S2301_C02_019E","Labor Force Participation Rate!!Estimate!!Hispanic or Latino origin (of any race)",
"S2301_C02_019M","Labor Force Participation Rate!!Margin of Error!!Hispanic or Latino origin (of any race)",
"S2301_C02_020E","Labor Force Participation Rate!!Estimate!!White alone, not Hispanic or Latino",
"S2301_C02_020M","Labor Force Participation Rate!!Margin of Error!!White alone, not Hispanic or Latino",
"S2301_C02_021E","Labor Force Participation Rate!!Estimate!!Population 20 to 64 years",
"S2301_C02_021M","Labor Force Participation Rate!!Margin of Error!!Population 20 to 64 years",
"S2301_C02_022E","Labor Force Participation Rate!!Estimate!!Population 20 to 64 years!!SEX!!Male",
"S2301_C02_022M","Labor Force Participation Rate!!Margin of Error!!Population 20 to 64 years!!SEX!!Male",
"S2301_C02_023E","Labor Force Participation Rate!!Estimate!!Population 20 to 64 years!!SEX!!Female",
"S2301_C02_023M","Labor Force Participation Rate!!Margin of Error!!Population 20 to 64 years!!SEX!!Female",
"S2301_C02_024E","Labor Force Participation Rate!!Estimate!!Population 20 to 64 years!!SEX!!Female!!With own children under 18 years",
"S2301_C02_024M","Labor Force Participation Rate!!Margin of Error!!Population 20 to 64 years!!SEX!!Female!!With own children under 18 years",
"S2301_C02_025E","Labor Force Participation Rate!!Estimate!!Population 20 to 64 years!!SEX!!Female!!With own children under 18 years!!With own children under 6 years only",
"S2301_C02_025M","Labor Force Participation Rate!!Margin of Error!!Population 20 to 64 years!!SEX!!Female!!With own children under 18 years!!With own children under 6 years only",
"S2301_C02_026E","Labor Force Participation Rate!!Estimate!!Population 20 to 64 years!!SEX!!Female!!With own children under 18 years!!With own children under 6 years and 6 to 17 years",
"S2301_C02_026M","Labor Force Participation Rate!!Margin of Error!!Population 20 to 64 years!!SEX!!Female!!With own children under 18 years!!With own children under 6 years and 6 to 17 years",
"S2301_C02_027E","Labor Force Participation Rate!!Estimate!!Population 20 to 64 years!!SEX!!Female!!With own children under 18 years!!With own children under 6 to 17 years only",
"S2301_C02_027M","Labor Force Participation Rate!!Margin of Error!!Population 20 to 64 years!!SEX!!Female!!With own children under 18 years!!With own children under 6 to 17 years only",
"S2301_C02_028E","Labor Force Participation Rate!!Estimate!!POVERTY STATUS IN THE PAST 12 MONTHS!!Below poverty level",
"S2301_C02_028M","Labor Force Participation Rate!!Margin of Error!!POVERTY STATUS IN THE PAST 12 MONTHS!!Below poverty level",
"S2301_C02_029E","Labor Force Participation Rate!!Estimate!!POVERTY STATUS IN THE PAST 12 MONTHS!!At or above the poverty level",
"S2301_C02_029M","Labor Force Participation Rate!!Margin of Error!!POVERTY STATUS IN THE PAST 12 MONTHS!!At or above the poverty level",
"S2301_C02_030E","Labor Force Participation Rate!!Estimate!!DISABILITY STATUS!!With any disability",
"S2301_C02_030M","Labor Force Participation Rate!!Margin of Error!!DISABILITY STATUS!!With any disability",
"S2301_C02_031E","Labor Force Participation Rate!!Estimate!!EDUCATIONAL ATTAINMENT!!Population 25 to 64 years",
"S2301_C02_031M","Labor Force Participation Rate!!Margin of Error!!EDUCATIONAL ATTAINMENT!!Population 25 to 64 years",
"S2301_C02_032E","Labor Force Participation Rate!!Estimate!!EDUCATIONAL ATTAINMENT!!Population 25 to 64 years!!Less than high school graduate",
"S2301_C02_032M","Labor Force Participation Rate!!Margin of Error!!EDUCATIONAL ATTAINMENT!!Population 25 to 64 years!!Less than high school graduate",
"S2301_C02_033E","Labor Force Participation Rate!!Estimate!!EDUCATIONAL ATTAINMENT!!Population 25 to 64 years!!High school graduate (includes equivalency)",
"S2301_C02_033M","Labor Force Participation Rate!!Margin of Error!!EDUCATIONAL ATTAINMENT!!Population 25 to 64 years!!High school graduate (includes equivalency)",
"S2301_C02_034E","Labor Force Participation Rate!!Estimate!!EDUCATIONAL ATTAINMENT!!Population 25 to 64 years!!Some college or associate's degree",
"S2301_C02_034M","Labor Force Participation Rate!!Margin of Error!!EDUCATIONAL ATTAINMENT!!Population 25 to 64 years!!Some college or associate's degree",
"S2301_C02_035E","Labor Force Participation Rate!!Estimate!!EDUCATIONAL ATTAINMENT!!Population 25 to 64 years!!Bachelor's degree or higher",
"S2301_C02_035M","Labor Force Participation Rate!!Margin of Error!!EDUCATIONAL ATTAINMENT!!Population 25 to 64 years!!Bachelor's degree or higher",
"S2301_C03_001E","Employment/Population Ratio!!Estimate!!Population 16 years and over",
"S2301_C03_001M","Employment/Population Ratio!!Margin of Error!!Population 16 years and over",
"S2301_C03_002E","Employment/Population Ratio!!Estimate!!AGE!!16 to 19 years",
"S2301_C03_002M","Employment/Population Ratio!!Margin of Error!!AGE!!16 to 19 years",
"S2301_C03_003E","Employment/Population Ratio!!Estimate!!AGE!!20 to 24 years",
"S2301_C03_003M","Employment/Population Ratio!!Margin of Error!!AGE!!20 to 24 years",
"S2301_C03_004E","Employment/Population Ratio!!Estimate!!AGE!!25 to 29 years",
"S2301_C03_004M","Employment/Population Ratio!!Margin of Error!!AGE!!25 to 29 years",
"S2301_C03_005E","Employment/Population Ratio!!Estimate!!AGE!!30 to 34 years",
"S2301_C03_005M","Employment/Population Ratio!!Margin of Error!!AGE!!30 to 34 years",
"S2301_C03_006E","Employment/Population Ratio!!Estimate!!AGE!!35 to 44 years",
"S2301_C03_006M","Employment/Population Ratio!!Margin of Error!!AGE!!35 to 44 years",
"S2301_C03_007E","Employment/Population Ratio!!Estimate!!AGE!!45 to 54 years",
"S2301_C03_007M","Employment/Population Ratio!!Margin of Error!!AGE!!45 to 54 years",
"S2301_C03_008E","Employment/Population Ratio!!Estimate!!AGE!!55 to 59 years",
"S2301_C03_008M","Employment/Population Ratio!!Margin of Error!!AGE!!55 to 59 years",
"S2301_C03_009E","Employment/Population Ratio!!Estimate!!AGE!!60 to 64 years",
"S2301_C03_009M","Employment/Population Ratio!!Margin of Error!!AGE!!60 to 64 years",
"S2301_C03_010E","Employment/Population Ratio!!Estimate!!AGE!!65 to 74 years",
"S2301_C03_010M","Employment/Population Ratio!!Margin of Error!!AGE!!65 to 74 years",
"S2301_C03_011E","Employment/Population Ratio!!Estimate!!AGE!!75 years and over",
"S2301_C03_011M","Employment/Population Ratio!!Margin of Error!!AGE!!75 years and over",
"S2301_C03_012E","Employment/Population Ratio!!Estimate!!RACE AND HISPANIC OR LATINO ORIGIN!!White alone",
"S2301_C03_012M","Employment/Population Ratio!!Margin of Error!!RACE AND HISPANIC OR LATINO ORIGIN!!White alone",
"S2301_C03_013E","Employment/Population Ratio!!Estimate!!RACE AND HISPANIC OR LATINO ORIGIN!!Black or African American alone",
"S2301_C03_013M","Employment/Population Ratio!!Margin of Error!!RACE AND HISPANIC OR LATINO ORIGIN!!Black or African American alone",
"S2301_C03_014E","Employment/Population Ratio!!Estimate!!RACE AND HISPANIC OR LATINO ORIGIN!!American Indian and Alaska Native alone",
"S2301_C03_014M","Employment/Population Ratio!!Margin of Error!!RACE AND HISPANIC OR LATINO ORIGIN!!American Indian and Alaska Native alone",
"S2301_C03_015E","Employment/Population Ratio!!Estimate!!RACE AND HISPANIC OR LATINO ORIGIN!!Asian alone",
"S2301_C03_015M","Employment/Population Ratio!!Margin of Error!!RACE AND HISPANIC OR LATINO ORIGIN!!Asian alone",
"S2301_C03_016E","Employment/Population Ratio!!Estimate!!RACE AND HISPANIC OR LATINO ORIGIN!!Native Hawaiian and Other Pacific Islander alone",
"S2301_C03_016M","Employment/Population Ratio!!Margin of Error!!RACE AND HISPANIC OR LATINO ORIGIN!!Native Hawaiian and Other Pacific Islander alone",
"S2301_C03_017E","Employment/Population Ratio!!Estimate!!RACE AND HISPANIC OR LATINO ORIGIN!!Some other race alone",
"S2301_C03_017M","Employment/Population Ratio!!Margin of Error!!RACE AND HISPANIC OR LATINO ORIGIN!!Some other race alone",
"S2301_C03_018E","Employment/Population Ratio!!Estimate!!RACE AND HISPANIC OR LATINO ORIGIN!!Two or more races",
"S2301_C03_018M","Employment/Population Ratio!!Margin of Error!!RACE AND HISPANIC OR LATINO ORIGIN!!Two or more races",
"S2301_C03_019E","Employment/Population Ratio!!Estimate!!Hispanic or Latino origin (of any race)",
"S2301_C03_019M","Employment/Population Ratio!!Margin of Error!!Hispanic or Latino origin (of any race)",
"S2301_C03_020E","Employment/Population Ratio!!Estimate!!White alone, not Hispanic or Latino",
"S2301_C03_020M","Employment/Population Ratio!!Margin of Error!!White alone, not Hispanic or Latino",
"S2301_C03_021E","Employment/Population Ratio!!Estimate!!Population 20 to 64 years",
"S2301_C03_021M","Employment/Population Ratio!!Margin of Error!!Population 20 to 64 years",
"S2301_C03_022E","Employment/Population Ratio!!Estimate!!Population 20 to 64 years!!SEX!!Male",
"S2301_C03_022M","Employment/Population Ratio!!Margin of Error!!Population 20 to 64 years!!SEX!!Male",
"S2301_C03_023E","Employment/Population Ratio!!Estimate!!Population 20 to 64 years!!SEX!!Female",
"S2301_C03_023M","Employment/Population Ratio!!Margin of Error!!Population 20 to 64 years!!SEX!!Female",
"S2301_C03_024E","Employment/Population Ratio!!Estimate!!Population 20 to 64 years!!SEX!!Female!!With own children under 18 years",
"S2301_C03_024M","Employment/Population Ratio!!Margin of Error!!Population 20 to 64 years!!SEX!!Female!!With own children under 18 years",
"S2301_C03_025E","Employment/Population Ratio!!Estimate!!Population 20 to 64 years!!SEX!!Female!!With own children under 18 years!!With own children under 6 years only",
"S2301_C03_025M","Employment/Population Ratio!!Margin of Error!!Population 20 to 64 years!!SEX!!Female!!With own children under 18 years!!With own children under 6 years only",
"S2301_C03_026E","Employment/Population Ratio!!Estimate!!Population 20 to 64 years!!SEX!!Female!!With own children under 18 years!!With own children under 6 years and 6 to 17 years",
"S2301_C03_026M","Employment/Population Ratio!!Margin of Error!!Population 20 to 64 years!!SEX!!Female!!With own children under 18 years!!With own children under 6 years and 6 to 17 years",
"S2301_C03_027E","Employment/Population Ratio!!Estimate!!Population 20 to 64 years!!SEX!!Female!!With own children under 18 years!!With own children under 6 to 17 years only",
"S2301_C03_027M","Employment/Population Ratio!!Margin of Error!!Population 20 to 64 years!!SEX!!Female!!With own children under 18 years!!With own children under 6 to 17 years only",
"S2301_C03_028E","Employment/Population Ratio!!Estimate!!POVERTY STATUS IN THE PAST 12 MONTHS!!Below poverty level",
"S2301_C03_028M","Employment/Population Ratio!!Margin of Error!!POVERTY STATUS IN THE PAST 12 MONTHS!!Below poverty level",
"S2301_C03_029E","Employment/Population Ratio!!Estimate!!POVERTY STATUS IN THE PAST 12 MONTHS!!At or above the poverty level",
"S2301_C03_029M","Employment/Population Ratio!!Margin of Error!!POVERTY STATUS IN THE PAST 12 MONTHS!!At or above the poverty level",
"S2301_C03_030E","Employment/Population Ratio!!Estimate!!DISABILITY STATUS!!With any disability",
"S2301_C03_030M","Employment/Population Ratio!!Margin of Error!!DISABILITY STATUS!!With any disability",
"S2301_C03_031E","Employment/Population Ratio!!Estimate!!EDUCATIONAL ATTAINMENT!!Population 25 to 64 years",
"S2301_C03_031M","Employment/Population Ratio!!Margin of Error!!EDUCATIONAL ATTAINMENT!!Population 25 to 64 years",
"S2301_C03_032E","Employment/Population Ratio!!Estimate!!EDUCATIONAL ATTAINMENT!!Population 25 to 64 years!!Less than high school graduate",
"S2301_C03_032M","Employment/Population Ratio!!Margin of Error!!EDUCATIONAL ATTAINMENT!!Population 25 to 64 years!!Less than high school graduate",
"S2301_C03_033E","Employment/Population Ratio!!Estimate!!EDUCATIONAL ATTAINMENT!!Population 25 to 64 years!!High school graduate (includes equivalency)",
"S2301_C03_033M","Employment/Population Ratio!!Margin of Error!!EDUCATIONAL ATTAINMENT!!Population 25 to 64 years!!High school graduate (includes equivalency)",
"S2301_C03_034E","Employment/Population Ratio!!Estimate!!EDUCATIONAL ATTAINMENT!!Population 25 to 64 years!!Some college or associate's degree",
"S2301_C03_034M","Employment/Population Ratio!!Margin of Error!!EDUCATIONAL ATTAINMENT!!Population 25 to 64 years!!Some college or associate's degree",
"S2301_C03_035E","Employment/Population Ratio!!Estimate!!EDUCATIONAL ATTAINMENT!!Population 25 to 64 years!!Bachelor's degree or higher",
"S2301_C03_035M","Employment/Population Ratio!!Margin of Error!!EDUCATIONAL ATTAINMENT!!Population 25 to 64 years!!Bachelor's degree or higher",
"S2301_C04_001E","Unemployment rate!!Estimate!!Population 16 years and over",
"S2301_C04_001M","Unemployment rate!!Margin of Error!!Population 16 years and over",
"S2301_C04_002E","Unemployment rate!!Estimate!!AGE!!16 to 19 years",
"S2301_C04_002M","Unemployment rate!!Margin of Error!!AGE!!16 to 19 years",
"S2301_C04_003E","Unemployment rate!!Estimate!!AGE!!20 to 24 years",
"S2301_C04_003M","Unemployment rate!!Margin of Error!!AGE!!20 to 24 years",
"S2301_C04_004E","Unemployment rate!!Estimate!!AGE!!25 to 29 years",
"S2301_C04_004M","Unemployment rate!!Margin of Error!!AGE!!25 to 29 years",
"S2301_C04_005E","Unemployment rate!!Estimate!!AGE!!30 to 34 years",
"S2301_C04_005M","Unemployment rate!!Margin of Error!!AGE!!30 to 34 years",
"S2301_C04_006E","Unemployment rate!!Estimate!!AGE!!35 to 44 years",
"S2301_C04_006M","Unemployment rate!!Margin of Error!!AGE!!35 to 44 years",
"S2301_C04_007E","Unemployment rate!!Estimate!!AGE!!45 to 54 years",
"S2301_C04_007M","Unemployment rate!!Margin of Error!!AGE!!45 to 54 years",
"S2301_C04_008E","Unemployment rate!!Estimate!!AGE!!55 to 59 years",
"S2301_C04_008M","Unemployment rate!!Margin of Error!!AGE!!55 to 59 years",
"S2301_C04_009E","Unemployment rate!!Estimate!!AGE!!60 to 64 years",
"S2301_C04_009M","Unemployment rate!!Margin of Error!!AGE!!60 to 64 years",
"S2301_C04_010E","Unemployment rate!!Estimate!!AGE!!65 to 74 years",
"S2301_C04_010M","Unemployment rate!!Margin of Error!!AGE!!65 to 74 years",
"S2301_C04_011E","Unemployment rate!!Estimate!!AGE!!75 years and over",
"S2301_C04_011M","Unemployment rate!!Margin of Error!!AGE!!75 years and over",
"S2301_C04_012E","Unemployment rate!!Estimate!!RACE AND HISPANIC OR LATINO ORIGIN!!White alone",
"S2301_C04_012M","Unemployment rate!!Margin of Error!!RACE AND HISPANIC OR LATINO ORIGIN!!White alone",
"S2301_C04_013E","Unemployment rate!!Estimate!!RACE AND HISPANIC OR LATINO ORIGIN!!Black or African American alone",
"S2301_C04_013M","Unemployment rate!!Margin of Error!!RACE AND HISPANIC OR LATINO ORIGIN!!Black or African American alone",
"S2301_C04_014E","Unemployment rate!!Estimate!!RACE AND HISPANIC OR LATINO ORIGIN!!American Indian and Alaska Native alone",
"S2301_C04_014M","Unemployment rate!!Margin of Error!!RACE AND HISPANIC OR LATINO ORIGIN!!American Indian and Alaska Native alone",
"S2301_C04_015E","Unemployment rate!!Estimate!!RACE AND HISPANIC OR LATINO ORIGIN!!Asian alone",
"S2301_C04_015M","Unemployment rate!!Margin of Error!!RACE AND HISPANIC OR LATINO ORIGIN!!Asian alone",
"S2301_C04_016E","Unemployment rate!!Estimate!!RACE AND HISPANIC OR LATINO ORIGIN!!Native Hawaiian and Other Pacific Islander alone",
"S2301_C04_016M","Unemployment rate!!Margin of Error!!RACE AND HISPANIC OR LATINO ORIGIN!!Native Hawaiian and Other Pacific Islander alone",
"S2301_C04_017E","Unemployment rate!!Estimate!!RACE AND HISPANIC OR LATINO ORIGIN!!Some other race alone",
"S2301_C04_017M","Unemployment rate!!Margin of Error!!RACE AND HISPANIC OR LATINO ORIGIN!!Some other race alone",
"S2301_C04_018E","Unemployment rate!!Estimate!!RACE AND HISPANIC OR LATINO ORIGIN!!Two or more races",
"S2301_C04_018M","Unemployment rate!!Margin of Error!!RACE AND HISPANIC OR LATINO ORIGIN!!Two or more races",
"S2301_C04_019E","Unemployment rate!!Estimate!!Hispanic or Latino origin (of any race)",
"S2301_C04_019M","Unemployment rate!!Margin of Error!!Hispanic or Latino origin (of any race)",
"S2301_C04_020E","Unemployment rate!!Estimate!!White alone, not Hispanic or Latino",
"S2301_C04_020M","Unemployment rate!!Margin of Error!!White alone, not Hispanic or Latino",
"S2301_C04_021E","Unemployment rate!!Estimate!!Population 20 to 64 years",
"S2301_C04_021M","Unemployment rate!!Margin of Error!!Population 20 to 64 years",
"S2301_C04_022E","Unemployment rate!!Estimate!!Population 20 to 64 years!!SEX!!Male",
"S2301_C04_022M","Unemployment rate!!Margin of Error!!Population 20 to 64 years!!SEX!!Male",
"S2301_C04_023E","Unemployment rate!!Estimate!!Population 20 to 64 years!!SEX!!Female",
"S2301_C04_023M","Unemployment rate!!Margin of Error!!Population 20 to 64 years!!SEX!!Female",
"S2301_C04_024E","Unemployment rate!!Estimate!!Population 20 to 64 years!!SEX!!Female!!With own children under 18 years",
"S2301_C04_024M","Unemployment rate!!Margin of Error!!Population 20 to 64 years!!SEX!!Female!!With own children under 18 years",
"S2301_C04_025E","Unemployment rate!!Estimate!!Population 20 to 64 years!!SEX!!Female!!With own children under 18 years!!With own children under 6 years only",
"S2301_C04_025M","Unemployment rate!!Margin of Error!!Population 20 to 64 years!!SEX!!Female!!With own children under 18 years!!With own children under 6 years only",
"S2301_C04_026E","Unemployment rate!!Estimate!!Population 20 to 64 years!!SEX!!Female!!With own children under 18 years!!With own children under 6 years and 6 to 17 years",
"S2301_C04_026M","Unemployment rate!!Margin of Error!!Population 20 to 64 years!!SEX!!Female!!With own children under 18 years!!With own children under 6 years and 6 to 17 years",
"S2301_C04_027E","Unemployment rate!!Estimate!!Population 20 to 64 years!!SEX!!Female!!With own children under 18 years!!With own children under 6 to 17 years only",
"S2301_C04_027M","Unemployment rate!!Margin of Error!!Population 20 to 64 years!!SEX!!Female!!With own children under 18 years!!With own children under 6 to 17 years only",
"S2301_C04_028E","Unemployment rate!!Estimate!!POVERTY STATUS IN THE PAST 12 MONTHS!!Below poverty level",
"S2301_C04_028M","Unemployment rate!!Margin of Error!!POVERTY STATUS IN THE PAST 12 MONTHS!!Below poverty level",
"S2301_C04_029E","Unemployment rate!!Estimate!!POVERTY STATUS IN THE PAST 12 MONTHS!!At or above the poverty level",
"S2301_C04_029M","Unemployment rate!!Margin of Error!!POVERTY STATUS IN THE PAST 12 MONTHS!!At or above the poverty level",
"S2301_C04_030E","Unemployment rate!!Estimate!!DISABILITY STATUS!!With any disability",
"S2301_C04_030M","Unemployment rate!!Margin of Error!!DISABILITY STATUS!!With any disability",
"S2301_C04_031E","Unemployment rate!!Estimate!!EDUCATIONAL ATTAINMENT!!Population 25 to 64 years",
"S2301_C04_031M","Unemployment rate!!Margin of Error!!EDUCATIONAL ATTAINMENT!!Population 25 to 64 years",
"S2301_C04_032E","Unemployment rate!!Estimate!!EDUCATIONAL ATTAINMENT!!Population 25 to 64 years!!Less than high school graduate",
"S2301_C04_032M","Unemployment rate!!Margin of Error!!EDUCATIONAL ATTAINMENT!!Population 25 to 64 years!!Less than high school graduate",
"S2301_C04_033E","Unemployment rate!!Estimate!!EDUCATIONAL ATTAINMENT!!Population 25 to 64 years!!High school graduate (includes equivalency)",
"S2301_C04_033M","Unemployment rate!!Margin of Error!!EDUCATIONAL ATTAINMENT!!Population 25 to 64 years!!High school graduate (includes equivalency)",
"S2301_C04_034E","Unemployment rate!!Estimate!!EDUCATIONAL ATTAINMENT!!Population 25 to 64 years!!Some college or associate's degree",
"S2301_C04_034M","Unemployment rate!!Margin of Error!!EDUCATIONAL ATTAINMENT!!Population 25 to 64 years!!Some college or associate's degree",
"S2301_C04_035E","Unemployment rate!!Estimate!!EDUCATIONAL ATTAINMENT!!Population 25 to 64 years!!Bachelor's degree or higher",
"S2301_C04_035M","Unemployment rate!!Margin of Error!!EDUCATIONAL ATTAINMENT!!Population 25 to 64 years!!Bachelor's degree or higher",
